{
  "parser": "@typescript-eslint/parser",
  "parserOptions": {
    "ecmaVersion": 2020,
    "sourceType": "module",
    "project": "./tsconfig.json"
  },
  "extends": [
    "eslint:recommended",
    "plugin:@typescript-eslint/recommended",
    "prettier"
  ],
  "plugins": ["@typescript-eslint"],
  "env": {
    "node": true,
    "es6": true
  },
  "rules": {
    "@typescript-eslint/no-explicit-any": "warn",
    "@typescript-eslint/explicit-module-boundary-types": "off",
    "no-console": "off"
  }
}
