{
  "name": "backend",
  "version": "1.0.0",
  "description": "Backend TypeScript dengan Express dan Sequelize",
  "main": "dist/server.js",
  "scripts": {
    "dev": "nodemon src/server.ts",
    "build": "tsc",
    "start": "node dist/server.js",
    "lint": "eslint . --ext .ts",
    "lint:fix": "eslint . --ext .ts --fix",
    "format": "prettier --write \"src/**/*.ts\"",
    "test": "jest --passWithNoTests"
  },
  "keywords": [
    "backend",
    "typescript",
    "express",
    "sequelize",
    "postgresql"
  ],
  "author": "",
  "license": "MIT",
  "dependencies": {
    "bcrypt": "^6.0.0",
    "cors": "^2.8.5",
    "dotenv": "^16.4.5",
    "express": "^4.18.2",
    "jsonwebtoken": "^9.0.2",
    "pg": "^8.11.3",
    "pg-hstore": "^2.3.4",
    "sequelize": "^6.35.2",
    "sequelize-auto": "^0.8.8",
    "uuid": "^13.0.0",
    "zod": "^4.1.12"
  },
  "devDependencies": {
    "@types/bcrypt": "^6.0.0",
    "@types/cors": "^2.8.17",
    "@types/express": "^4.17.21",
    "@types/jest": "^29.5.11",
    "@types/jsonwebtoken": "^9.0.10",
    "@types/node": "^20.11.5",
    "@types/supertest": "^6.0.3",
    "@typescript-eslint/eslint-plugin": "^6.19.0",
    "@typescript-eslint/parser": "^6.19.0",
    "eslint": "^8.56.0",
    "eslint-config-prettier": "^9.1.0",
    "jest": "^29.7.0",
    "nodemon": "^3.0.3",
    "prettier": "^3.2.4",
    "supertest": "^7.1.4",
    "ts-jest": "^29.1.1",
    "ts-node": "^10.9.2",
    "typescript": "^5.3.3"
  }
}
